t_s,drop_rate_per_s,drops_exp,backlog_pkts,backlog_bytes,throughput_mbps,sojourn_est_ms,rtt_proxy_ms,active_flows,elephant_flows,mice_flows,elephant_ratio,regime,trajectory,predicted_regime,workload_profile,target_ms,interval_ms,limit_pkts,quantum_bytes,root_drops,root_overlimits
0.849,34.7884,24,7,21196,10.1460,16.9568,19.283,9,0,9,0.000,HEAVY,STABLE,HEAVY,MICE,5.0000,100.00,1024,1514,205,4453
1.568,37.6018,51,6,15140,9.8999,12.1120,18.654,9,0,9,0.000,HEAVY,STABLE,HEAVY,MICE,5.0000,100.00,1024,1514,232,5515
2.237,35.8473,75,10,18168,10.0195,14.5344,18.572,9,0,9,0.000,HEAVY,STABLE,HEAVY,MICE,5.0000,100.00,1024,1514,256,6524
2.920,33.6741,98,8,18168,9.9986,14.5344,18.791,9,0,9,0.000,HEAVY,STABLE,HEAVY,MICE,5.0000,100.00,1024,1514,279,7559
3.576,35.0633,121,5,15140,10.0788,12.1120,19.565,9,0,9,0.000,HEAVY,STABLE,HEAVY,MICE,5.0000,100.00,1024,1514,302,8567
4.257,35.2372,145,4,12112,9.8490,9.6896,18.117,9,0,9,0.000,HEAVY,STABLE,HEAVY,MICE,5.0000,100.00,1024,1514,326,9604
4.950,33.1915,168,5,12112,10.0845,9.6896,18.783,9,0,9,0.000,HEAVY,STABLE,HEAVY,MICE,5.0000,100.00,1024,1514,349,10635
5.629,29.4591,188,11,25738,9.8986,20.5904,18.998,9,0,9,0.000,MODERATE,STABLE,MODERATE,MICE,5.0000,100.00,1024,1514,369,11669
6.271,35.8242,211,9,25738,10.2031,20.5904,19.219,9,8,1,0.889,HEAVY,STABLE,HEAVY,ELEPHANT,5.0000,100.00,1024,1514,392,12663
6.921,38.4812,236,4,6056,9.9526,4.8448,18.579,9,8,1,0.889,HEAVY,STABLE,HEAVY,ELEPHANT,5.0000,100.00,1024,1514,417,13600
7.624,34.1043,260,0,0,9.9110,0.0000,18.631,9,8,1,0.889,HEAVY,STABLE,HEAVY,ELEPHANT,5.0000,100.00,1024,1514,441,14654
8.270,29.4319,279,7,19682,10.1285,15.7456,19.826,9,8,1,0.889,MODERATE,STABLE,MODERATE,ELEPHANT,5.0000,100.00,1024,1514,460,15617
8.932,34.7155,302,7,18168,9.9605,14.5344,18.830,9,8,1,0.889,HEAVY,STABLE,HEAVY,ELEPHANT,5.0000,100.00,1024,1514,483,16606
9.581,33.9442,324,5,15140,10.0698,12.1120,19.066,9,8,1,0.889,HEAVY,STABLE,HEAVY,ELEPHANT,5.0000,100.00,1024,1514,505,17594
10.257,35.4748,348,6,13626,9.9154,10.9008,18.843,9,8,1,0.889,HEAVY,STABLE,HEAVY,ELEPHANT,5.0000,100.00,1024,1514,529,18593
10.919,31.7383,369,10,27252,10.0102,21.8016,19.683,9,8,1,0.889,HEAVY,STABLE,HEAVY,ELEPHANT,5.0000,100.00,1024,1514,550,19596
11.600,33.7478,392,9,25738,9.9684,20.5904,19.433,9,8,1,0.889,HEAVY,STABLE,HEAVY,ELEPHANT,5.0000,100.00,1024,1514,573,20605
12.309,32.4556,415,8,22710,9.9969,18.1680,19.157,9,8,1,0.889,HEAVY,STABLE,HEAVY,ELEPHANT,5.0000,100.00,1024,1514,596,21670
13.018,38.0860,442,3,9084,9.9750,7.2672,19.029,9,8,1,0.889,HEAVY,STABLE,HEAVY,ELEPHANT,5.0000,100.00,1024,1514,623,22740
13.743,33.1074,466,5,15140,9.9743,12.1120,19.164,9,8,1,0.889,HEAVY,STABLE,HEAVY,ELEPHANT,5.0000,100.00,1024,1514,647,23829
14.432,34.8055,490,8,16654,10.0621,13.3232,18.786,9,8,1,0.889,HEAVY,STABLE,HEAVY,ELEPHANT,5.0000,100.00,1024,1514,671,24846
15.133,35.7026,515,7,18168,9.9270,14.5344,19.156,9,8,1,0.889,HEAVY,STABLE,HEAVY,ELEPHANT,5.0000,100.00,1024,1514,696,25915
15.816,32.1759,537,9,25738,10.0235,20.5904,19.432,9,8,1,0.889,HEAVY,STABLE,HEAVY,ELEPHANT,5.0000,100.00,1024,1514,718,26942
16.517,37.1159,563,4,9084,10.0095,7.2672,18.346,9,8,1,0.889,HEAVY,STABLE,HEAVY,ELEPHANT,5.0000,100.00,1024,1514,744,28006
17.198,33.7646,586,7,13626,9.9733,10.9008,18.862,9,8,1,0.889,HEAVY,STABLE,HEAVY,ELEPHANT,5.0000,100.00,1024,1514,767,29009
17.891,34.6519,610,7,16654,10.0176,13.3232,19.829,9,8,1,0.889,HEAVY,STABLE,HEAVY,ELEPHANT,5.0000,100.00,1024,1514,791,30041
18.544,32.1275,631,7,19682,10.0032,15.7456,19.016,9,8,1,0.889,HEAVY,STABLE,HEAVY,ELEPHANT,5.0000,100.00,1024,1514,812,31035
19.216,37.2259,656,5,13626,10.0608,10.9008,18.379,9,8,1,0.889,HEAVY,STABLE,HEAVY,ELEPHANT,5.0000,100.00,1024,1514,837,32057
19.909,33.1617,679,6,15140,9.8651,12.1120,18.917,9,8,1,0.889,HEAVY,STABLE,HEAVY,ELEPHANT,5.0000,100.00,1024,1514,860,33103
20.616,32.5582,702,6,15140,10.0635,12.1120,19.037,9,8,1,0.889,HEAVY,STABLE,HEAVY,ELEPHANT,5.0000,100.00,1024,1514,883,34178
21.312,34.4747,726,6,15238,10.0360,12.1904,20.069,9,8,1,0.889,HEAVY,STABLE,HEAVY,ELEPHANT,5.0000,100.00,1024,1514,907,35225
21.979,34.4698,749,6,15140,10.0001,12.1120,18.952,9,8,1,0.889,HEAVY,STABLE,HEAVY,ELEPHANT,5.0000,100.00,1024,1514,930,36242
22.656,33.9654,772,7,21196,10.0315,16.9568,19.795,9,8,1,0.889,HEAVY,STABLE,HEAVY,ELEPHANT,5.0000,100.00,1024,1514,953,37273
23.340,33.6681,795,7,21196,9.9437,16.9568,19.821,9,8,1,0.889,HEAVY,STABLE,HEAVY,ELEPHANT,5.0000,100.00,1024,1514,976,38280
24.037,34.3894,819,6,16654,9.8908,13.3232,19.112,9,8,1,0.889,HEAVY,STABLE,HEAVY,ELEPHANT,5.0000,100.00,1024,1514,1000,39306
24.746,35.2794,844,6,18168,9.9973,14.5344,19.163,9,8,1,0.889,HEAVY,STABLE,HEAVY,ELEPHANT,5.0000,100.00,1024,1514,1025,40359
25.455,33.8579,868,5,15140,10.0289,12.1120,18.965,9,8,1,0.889,HEAVY,STABLE,HEAVY,ELEPHANT,5.0000,100.00,1024,1514,1049,41424
26.136,35.2394,892,6,15140,9.9741,12.1120,19.140,9,8,1,0.889,HEAVY,STABLE,HEAVY,ELEPHANT,5.0000,100.00,1024,1514,1073,42427
26.828,31.7887,914,7,18168,9.9390,14.5344,18.976,9,8,1,0.889,HEAVY,STABLE,HEAVY,ELEPHANT,5.0000,100.00,1024,1514,1095,43447
27.568,36.5128,941,3,9084,9.9244,7.2672,19.241,9,8,1,0.889,HEAVY,STABLE,HEAVY,ELEPHANT,5.0000,100.00,1024,1514,1122,44550
28.318,31.9971,965,6,16654,9.4945,13.3232,19.708,9,8,1,0.889,HEAVY,STABLE,HEAVY,ELEPHANT,5.0000,100.00,1024,1514,1146,45648
28.980,34.7308,988,9,16654,10.0015,13.3232,18.549,9,8,1,0.889,HEAVY,STABLE,HEAVY,ELEPHANT,5.0000,100.00,1024,1514,1169,46636
29.651,29.7972,1008,6,18168,9.9040,14.5344,20.061,9,8,1,0.889,MODERATE,STABLE,MODERATE,ELEPHANT,5.0000,100.00,1024,1514,1189,47627
30.323,32.7558,1030,10,28766,10.0238,23.0128,20.140,9,8,1,0.889,HEAVY,STABLE,HEAVY,ELEPHANT,5.0000,100.00,1024,1514,1211,48658
31.017,36.0139,1055,6,18168,10.1182,14.5344,19.512,9,8,1,0.889,HEAVY,STABLE,HEAVY,ELEPHANT,5.0000,100.00,1024,1514,1236,49710
31.715,32.9541,1078,6,15238,9.8196,12.1904,18.996,9,8,1,0.889,HEAVY,STABLE,HEAVY,ELEPHANT,5.0000,100.00,1024,1514,1259,50726
32.444,34.2894,1103,5,15140,10.0169,12.1120,19.390,9,8,1,0.889,HEAVY,STABLE,HEAVY,ELEPHANT,5.0000,100.00,1024,1514,1284,51819
33.107,33.1548,1125,7,21196,10.0911,16.9568,19.294,9,8,1,0.889,HEAVY,STABLE,HEAVY,ELEPHANT,5.0000,100.00,1024,1514,1306,52822
33.877,33.7848,1151,6,18168,9.8518,14.5344,19.217,9,8,1,0.889,HEAVY,STABLE,HEAVY,ELEPHANT,5.0000,100.00,1024,1514,1332,53965
34.660,34.4639,1178,8,18266,10.0796,14.6128,19.282,9,8,1,0.889,HEAVY,STABLE,HEAVY,ELEPHANT,5.0000,100.00,1024,1514,1359,55139
35.359,34.3617,1202,6,16654,9.9869,13.3232,18.869,9,8,1,0.889,HEAVY,STABLE,HEAVY,ELEPHANT,5.0000,100.00,1024,1514,1383,56195
36.077,33.4248,1226,8,22710,9.9508,18.1680,19.545,9,8,1,0.889,HEAVY,STABLE,HEAVY,ELEPHANT,5.0000,100.00,1024,1514,1407,57275
36.776,37.1680,1252,6,13626,10.1447,10.9008,18.842,9,8,1,0.889,HEAVY,STABLE,HEAVY,ELEPHANT,5.0000,100.00,1024,1514,1433,58336
37.491,33.6035,1276,5,12112,9.9531,9.6896,18.734,9,8,1,0.889,HEAVY,STABLE,HEAVY,ELEPHANT,5.0000,100.00,1024,1514,1457,59419
38.185,34.5812,1300,7,12210,9.9798,9.7680,18.373,9,8,1,0.889,HEAVY,STABLE,HEAVY,ELEPHANT,5.0000,100.00,1024,1514,1481,60454
38.896,35.1423,1325,5,12112,9.8563,9.6896,19.534,9,8,1,0.889,HEAVY,STABLE,HEAVY,ELEPHANT,5.0000,100.00,1024,1514,1506,61491
39.615,31.9901,1348,6,16654,10.0230,13.3232,18.810,9,8,1,0.889,HEAVY,STABLE,HEAVY,ELEPHANT,5.0000,100.00,1024,1514,1529,62592
40.285,35.7999,1372,4,10598,10.0605,8.4784,18.609,9,8,1,0.889,HEAVY,STABLE,HEAVY,ELEPHANT,5.0000,100.00,1024,1514,1553,63610
40.963,35.4439,1396,6,13626,9.9425,10.9008,18.708,9,8,1,0.889,HEAVY,STABLE,HEAVY,ELEPHANT,5.0000,100.00,1024,1514,1577,64621
41.674,32.3124,1419,6,18168,9.9017,14.5344,19.284,9,8,1,0.889,HEAVY,STABLE,HEAVY,ELEPHANT,5.0000,100.00,1024,1514,1600,65697
42.380,33.9876,1443,7,19682,9.8428,15.7456,19.419,9,8,1,0.889,HEAVY,STABLE,HEAVY,ELEPHANT,5.0000,100.00,1024,1514,1624,66724
43.095,32.2050,1466,8,22710,10.1921,18.1680,20.071,9,8,1,0.889,HEAVY,STABLE,HEAVY,ELEPHANT,5.0000,100.00,1024,1514,1647,67808
43.790,38.8052,1493,8,21196,9.9196,16.9568,20.087,9,8,1,0.889,HEAVY,STABLE,HEAVY,ELEPHANT,5.0000,100.00,1024,1514,1674,68834
44.515,33.1338,1517,7,21196,9.9143,16.9568,20.035,9,8,1,0.889,HEAVY,STABLE,HEAVY,ELEPHANT,5.0000,100.00,1024,1514,1698,69917
45.370,37.4194,1549,4,9084,9.9865,7.2672,17.988,9,8,1,0.889,HEAVY,STABLE,HEAVY,ELEPHANT,5.0000,100.00,1024,1514,1730,71174
46.139,32.5071,1574,6,10598,9.9057,8.4784,18.165,9,8,1,0.889,HEAVY,STABLE,HEAVY,ELEPHANT,5.0000,100.00,1024,1514,1755,72335
46.897,31.6820,1598,5,12112,10.1684,9.6896,19.294,9,8,1,0.889,HEAVY,STABLE,HEAVY,ELEPHANT,5.0000,100.00,1024,1514,1779,73492
47.625,34.3287,1623,6,18168,10.0949,14.5344,18.755,9,8,1,0.889,HEAVY,STABLE,HEAVY,ELEPHANT,5.0000,100.00,1024,1514,1804,74593
48.331,36.8156,1649,6,15140,10.0131,12.1120,18.411,9,8,1,0.889,HEAVY,STABLE,HEAVY,ELEPHANT,5.0000,100.00,1024,1514,1830,75672
49.010,33.8603,1672,5,13626,10.0194,10.9008,18.061,9,8,1,0.889,HEAVY,STABLE,HEAVY,ELEPHANT,5.0000,100.00,1024,1514,1853,76704
49.681,32.8071,1694,4,10598,9.9492,8.4784,19.884,9,8,1,0.889,HEAVY,STABLE,HEAVY,ELEPHANT,5.0000,100.00,1024,1514,1875,77689
50.389,32.4572,1717,6,15140,9.9119,12.1120,19.669,9,8,1,0.889,HEAVY,STABLE,HEAVY,ELEPHANT,5.0000,100.00,1024,1514,1898,78766
51.087,31.5519,1739,9,24224,10.0376,19.3792,19.499,9,8,1,0.889,HEAVY,STABLE,HEAVY,ELEPHANT,5.0000,100.00,1024,1514,1920,79829
51.766,35.3420,1763,8,24224,10.0043,19.3792,19.862,9,8,1,0.889,HEAVY,STABLE,HEAVY,ELEPHANT,5.0000,100.00,1024,1514,1944,80887
52.466,35.7064,1788,6,18168,10.0153,14.5344,19.195,9,8,1,0.889,HEAVY,STABLE,HEAVY,ELEPHANT,5.0000,100.00,1024,1514,1969,81957
53.163,32.9818,1811,8,22710,10.1039,18.1680,19.321,9,8,1,0.889,HEAVY,STABLE,HEAVY,ELEPHANT,5.0000,100.00,1024,1514,1992,83014
53.819,38.1341,1836,6,12112,9.9027,9.6896,18.398,9,8,1,0.889,HEAVY,STABLE,HEAVY,ELEPHANT,5.0000,100.00,1024,1514,2017,83985
54.523,34.1067,1860,5,15140,9.9660,12.1120,18.594,9,8,1,0.889,HEAVY,STABLE,HEAVY,ELEPHANT,5.0000,100.00,1024,1514,2041,85002
55.201,36.8505,1885,5,13626,10.0336,10.9008,15.810,8,8,0,1.000,HEAVY,STABLE,HEAVY,ELEPHANT,5.0000,100.00,1024,1514,2066,86037
55.893,37.5473,1911,2,4542,9.9525,3.6336,14.480,8,8,0,1.000,HEAVY,STABLE,HEAVY,ELEPHANT,5.0000,100.00,1024,1514,2092,87053
56.604,30.9638,1933,6,13626,9.9384,10.9008,14.915,8,8,0,1.000,HEAVY,STABLE,HEAVY,ELEPHANT,5.0000,100.00,1024,1514,2114,88087
57.283,29.4523,1953,7,19682,10.0418,15.7456,15.195,8,8,0,1.000,MODERATE,STABLE,MODERATE,ELEPHANT,5.0000,100.00,1024,1514,2134,89134
57.967,33.6390,1976,0,0,9.1802,0.0000,15.484,9,8,1,0.889,HEAVY,STABLE,HEAVY,ELEPHANT,5.0000,100.00,1024,1514,2157,90057
58.642,0.0000,1976,0,0,0.0008,0.0000,15.484,9,8,1,0.889,NORMAL,STABLE,NORMAL,ELEPHANT,5.0000,100.00,1024,1514,2157,90057
59.307,0.0000,1976,0,0,0.0000,0.0000,15.484,9,8,1,0.889,NORMAL,STABLE,NORMAL,ELEPHANT,5.0000,100.00,1024,1514,2157,90057
59.976,0.0000,1976,0,0,0.0000,0.0000,0.000,0,0,0,0.000,NORMAL,STABLE,NORMAL,MICE,5.0000,100.00,1024,1514,2157,90057
