t_s,dr_gradient,bl_gradient,rtt_gradient,composite_g,regime,trajectory,predicted,workload
11.335,-0.0502,-0.2279,0.1551,-0.0043,HEAVY,STABLE,HEAVY,ELEPHANT
22.354,-0.0247,0.0273,0.0228,-0.0019,HEAVY,STABLE,HEAVY,ELEPHANT
33.815,0.0132,-0.0459,0.0064,0.0010,HEAVY,STABLE,HEAVY,ELEPHANT
44.952,-0.0126,-0.0300,0.0121,-0.0011,HEAVY,STABLE,HEAVY,ELEPHANT
56.307,0.0277,0.0560,-0.1140,0.0023,HEAVY,STABLE,HEAVY,ELEPHANT
67.455,-0.0172,-0.1475,-0.2954,-0.0016,HEAVY,STABLE,HEAVY,ELEPHANT
78.728,0.1509,-0.0281,0.0057,0.0120,HEAVY,STABLE,HEAVY,ELEPHANT
89.791,-0.0719,0.0213,0.0454,-0.0057,HEAVY,STABLE,HEAVY,ELEPHANT
101.218,0.2960,0.0770,-0.0268,0.0238,HEAVY,STABLE,HEAVY,ELEPHANT
112.276,-0.0248,-0.1905,-0.0121,-0.0022,HEAVY,STABLE,HEAVY,ELEPHANT
123.632,0.3598,0.0054,-0.0565,0.0288,HEAVY,STABLE,HEAVY,ELEPHANT
134.687,-0.0008,0.0416,-0.0227,-0.0000,HEAVY,STABLE,HEAVY,ELEPHANT
146.188,0.1008,0.0105,0.0289,0.0081,HEAVY,STABLE,HEAVY,ELEPHANT
157.294,-0.0103,-0.1038,-0.0146,-0.0010,HEAVY,STABLE,HEAVY,ELEPHANT
168.764,0.0500,0.0546,-0.0023,0.0041,HEAVY,STABLE,HEAVY,ELEPHANT
179.838,0.0480,0.0249,-0.0239,0.0039,HEAVY,STABLE,HEAVY,ELEPHANT
191.164,0.0985,-0.0571,0.0117,0.0078,HEAVY,STABLE,HEAVY,ELEPHANT
202.284,0.0243,-0.0599,-0.0191,0.0019,HEAVY,STABLE,HEAVY,ELEPHANT
213.778,0.2374,-0.0126,-0.0493,0.0190,HEAVY,STABLE,HEAVY,ELEPHANT
224.810,-0.0273,0.0541,0.0003,-0.0021,HEAVY,STABLE,HEAVY,ELEPHANT
236.142,0.0889,0.0171,0.0261,0.0071,HEAVY,STABLE,HEAVY,ELEPHANT
