t_s,regime,trajectory,predicted,predictive,old_target,new_target,applied_target,old_limit,new_limit,applied_limit,workload,reason
82.53,HEAVY,STABLE,HEAVY,0,80.0000,72.0000,72.0000,1024,921,921,MICE,[REACTIVE] mult-decrease beta=0.90 | regime=HEAVY pred=HEAVY wkld=MICE
164.92,HEAVY,STABLE,HEAVY,0,72.0000,64.8000,64.8000,921,828,828,MICE,[REACTIVE] mult-decrease beta=0.90 | regime=HEAVY pred=HEAVY wkld=MICE
246.95,HEAVY,STABLE,HEAVY,0,64.8000,58.3200,58.3000,828,745,745,MICE,[REACTIVE] mult-decrease beta=0.90 | regime=HEAVY pred=HEAVY wkld=MICE
329.21,HEAVY,STABLE,HEAVY,0,58.3000,52.4700,52.5000,745,670,670,MICE,[REACTIVE] mult-decrease beta=0.90 | regime=HEAVY pred=HEAVY wkld=MICE
411.82,HEAVY,STABLE,HEAVY,0,52.5000,47.2500,47.2000,670,603,603,MICE,[REACTIVE] mult-decrease beta=0.90 | regime=HEAVY pred=HEAVY wkld=MICE
494.36,HEAVY,STABLE,HEAVY,0,47.2000,42.4800,42.5000,603,542,542,MICE,[REACTIVE] mult-decrease beta=0.90 | regime=HEAVY pred=HEAVY wkld=MICE
576.57,HEAVY,STABLE,HEAVY,0,42.5000,38.2500,38.2000,542,487,487,MICE,[REACTIVE] mult-decrease beta=0.90 | regime=HEAVY pred=HEAVY wkld=MICE
658.86,HEAVY,STABLE,HEAVY,0,38.2000,34.3800,34.4000,487,438,438,MICE,[REACTIVE] mult-decrease beta=0.90 | regime=HEAVY pred=HEAVY wkld=MICE
741.00,HEAVY,STABLE,HEAVY,0,34.4000,30.9600,31.0000,438,394,394,MICE,[REACTIVE] mult-decrease beta=0.90 | regime=HEAVY pred=HEAVY wkld=MICE
823.44,HEAVY,STABLE,HEAVY,0,31.0000,27.9000,27.9000,394,354,354,MICE,[REACTIVE] mult-decrease beta=0.90 | regime=HEAVY pred=HEAVY wkld=MICE
905.84,HEAVY,STABLE,HEAVY,0,27.9000,25.1100,25.1000,354,318,318,MICE,[REACTIVE] mult-decrease beta=0.90 | regime=HEAVY pred=HEAVY wkld=MICE
