t_s,backlog_pkts,backlog_bytes,drops_cum,drop_rate_per_s,throughput_mbps,sojourn_est_ms,pkts_cum,root_drops,root_overlimits
0.670,0,0,144,214.9563,9.9920,0.0000,878,146,1378
1.355,2,3028,188,64.2015,9.2909,2.4224,1414,190,1811
2.163,1,3028,199,13.6202,8.9088,2.4224,2023,201,2148
2.858,3,9084,209,14.3918,9.9331,7.2672,2605,211,2961
3.587,4,10598,229,27.4230,9.8102,8.4784,3206,231,3989
4.274,2,4542,240,16.0222,10.0884,3.6336,3790,242,4935
5.032,8,22710,251,14.5034,9.9007,18.1680,4424,253,5944
5.796,4,12112,261,13.0893,9.9089,9.6896,5064,263,6999
6.501,6,18168,269,11.3437,10.0111,14.5344,5660,271,7974
7.329,5,12112,281,14.4947,9.2174,9.6896,6305,283,9038
8.050,8,22710,286,6.9339,10.1605,18.1680,6923,288,10044
8.761,12,31892,295,12.6616,9.8974,25.5136,7516,297,11002
9.443,8,19780,307,17.5918,10.1192,15.8240,8099,309,11955
10.109,7,16752,317,15.0202,10.0030,13.4016,8661,319,12871
10.817,4,10598,327,14.1158,9.8805,8.4784,9252,329,13855
11.481,11,31794,331,6.0286,10.0920,25.4352,9817,333,14763
12.158,8,19682,341,14.7702,9.9450,15.7456,10386,343,15678
12.836,6,18168,349,11.7920,10.0485,14.5344,10961,351,16598
13.526,9,24322,360,15.9471,9.9697,19.4576,11540,362,17540
14.254,8,19682,375,20.6177,9.8874,15.7456,12147,377,18556
14.945,4,9182,383,11.5699,10.0694,7.3456,12734,385,19529
15.633,10,27252,391,11.6319,9.9297,21.8016,13310,393,20472
16.352,10,25738,399,11.1225,10.0168,20.5904,13917,401,21442
17.069,7,19682,409,13.9483,9.9311,15.7456,14517,411,22415
17.815,6,15140,423,18.7629,10.0627,12.1120,15150,425,23468
18.509,8,15140,431,11.5275,9.9452,12.1120,15732,433,24441
19.218,8,21196,440,12.7009,10.0317,16.9568,16332,442,25440
19.979,9,24224,449,11.8287,9.9328,19.3792,16970,451,26493
20.682,11,27350,459,14.2076,9.9930,21.8800,17561,461,27472
21.412,3,9084,471,16.4461,9.7940,7.2672,18166,473,28461
22.175,3,9084,481,13.1043,9.8718,7.2672,18802,483,29523
22.928,14,36434,488,9.2996,10.2313,29.1472,19450,490,30549
23.675,5,15140,502,18.7519,9.7810,12.1120,20066,504,31584
24.447,7,18168,515,16.8199,9.8096,14.5344,20706,517,32636
25.294,4,12112,529,16.5450,9.8779,9.6896,21412,531,33798
26.073,6,18168,536,8.9788,9.8649,14.5344,22061,538,34855
26.774,6,15140,547,15.7000,10.1978,12.1120,22664,549,35861
27.489,12,25836,556,12.5899,9.8582,20.6688,23258,558,36829
28.215,8,21196,567,15.1441,10.0046,16.9568,23872,569,37828
28.918,9,27252,578,15.6464,10.1102,21.8016,24471,580,38804
29.612,4,12112,589,15.8548,10.0365,9.6896,25059,591,39765
30.379,5,12112,597,10.4273,9.6286,9.6896,25682,599,40811
31.104,8,24224,605,11.0436,10.3157,19.3792,26313,607,41840
31.828,5,13626,614,12.4224,9.9277,10.9008,26919,616,42825
32.503,8,22710,624,14.8141,10.0452,18.1680,27491,626,43753
33.170,4,12112,634,14.9902,9.9648,9.6896,28052,636,44683
33.892,14,36434,640,8.3122,9.9644,29.1472,28658,642,45656
34.601,6,16654,652,16.9314,9.9092,13.3232,29250,654,46599
35.287,3,7570,663,16.0247,10.0558,6.0560,29833,665,47568
35.975,4,9182,671,11.6269,10.1718,7.3456,30423,673,48530
36.658,13,28864,679,11.7187,9.8784,23.0912,30991,681,49487
37.315,13,34920,687,12.1763,10.0810,27.9360,31550,689,50384
38.026,5,15140,699,16.8834,9.9685,12.1120,32149,701,51348
38.681,6,16654,707,12.2078,10.0331,13.3232,32704,709,52269
39.355,5,15140,718,16.3165,9.9683,12.1120,33271,720,53194
40.042,7,18168,728,14.5651,9.8216,14.5344,33839,730,54133
40.727,7,18266,741,18.9747,9.9856,14.6128,34416,743,55094
41.425,8,22710,752,15.7549,10.0577,18.1680,35007,754,56065
42.105,6,16654,765,19.1128,9.9870,13.3232,35580,767,57001
42.795,4,9084,775,14.4958,9.9511,7.2672,36158,777,57962
43.462,8,22710,780,7.4958,10.1110,18.1680,36727,782,58882
44.187,10,27252,792,16.5526,9.8389,21.8016,37329,794,59851
44.887,6,13626,801,12.8565,10.0682,10.9008,37924,803,60830
45.586,3,9084,811,14.3086,9.9981,7.2672,38514,813,61788
46.340,4,12112,820,11.9313,10.0351,9.6896,39153,822,62828
47.085,11,27350,827,9.4015,9.6114,21.8800,39756,829,63817
47.841,8,18266,837,13.2260,10.1237,14.6128,40402,839,64865
48.533,5,12210,849,17.3463,10.1181,9.7680,40993,851,65831
49.259,7,18168,858,12.3877,9.9855,14.5344,41606,860,66849
50.070,8,24224,868,12.3398,9.4454,19.3792,42252,870,67889
50.727,5,15140,880,18.2517,10.4965,12.1120,42833,882,68856
51.392,7,15238,891,16.5419,9.9967,12.1904,43394,893,69785
52.082,2,6056,901,14.4891,9.8961,4.8448,43971,903,70727
52.755,4,12112,908,10.4048,10.0078,9.6896,44540,910,71657
53.714,7,18266,918,10.4249,9.0293,14.6128,45271,920,72857
54.426,6,16654,930,16.8625,10.2251,13.3232,45883,932,73857
55.274,7,16654,943,15.3272,9.8101,13.3232,46584,945,74999
56.013,4,12112,952,12.1848,10.1007,9.6896,47214,954,76041
56.718,6,16654,961,12.7579,9.9648,13.3232,47800,963,76990
57.435,8,21196,968,9.7706,9.8900,16.9568,48385,970,77940
58.152,10,25738,979,15.3301,10.0435,20.5904,48980,981,78937
58.881,7,18168,988,12.3535,9.8587,14.5344,49573,990,79924
59.612,5,13626,1001,17.7700,10.0827,10.9008,50182,1003,80927
60.362,10,27252,1011,13.3389,9.7583,21.8016,50786,1013,81921
61.090,6,13626,1025,19.2271,10.2134,10.9008,51400,1027,82931
61.851,3,7570,1035,13.1343,9.8949,6.0560,52022,1037,83973
62.549,4,12112,1045,14.3366,10.1235,9.6896,52605,1047,84942
63.293,6,16654,1054,12.0985,9.9482,13.3232,53216,1056,85931
64.005,10,27252,1061,9.8254,9.9794,21.8016,53803,1063,86879
64.822,3,9084,1075,17.1348,9.7097,7.2672,54458,1077,87986
65.668,8,22710,1085,11.8213,9.9796,18.1680,55155,1087,89153
66.412,7,16654,1095,13.4512,10.1500,13.3232,55778,1097,90192
67.142,7,19682,1108,17.7947,9.9475,15.7456,56378,1110,91198
67.875,7,15140,1118,13.6406,9.8138,12.1120,56972,1120,92173
68.598,9,25738,1125,9.6936,10.0804,20.5904,57573,1127,93172
69.305,8,24224,1134,12.7199,9.9799,19.3792,58156,1136,94129
70.091,3,9084,1146,15.2745,9.6511,7.2672,58782,1148,95177
70.904,3,9084,1157,13.5200,10.0485,7.2672,59457,1159,96290
71.649,5,15140,1166,12.0872,10.1504,12.1120,60081,1168,97314
72.381,4,10598,1178,16.3918,10.0758,8.4784,60690,1180,98318
73.057,4,12112,1188,14.7943,10.0346,9.6896,61250,1190,99271
73.839,9,21196,1200,15.3381,9.7532,16.9568,61880,1202,100333
74.572,3,7570,1210,13.6520,10.0535,6.0560,62488,1212,101343
75.302,5,13626,1220,13.6992,10.0385,10.9008,63093,1222,102341
76.056,6,16654,1227,9.2769,9.8236,13.3232,63705,1229,103348
76.800,5,15140,1240,17.4837,10.0668,12.1120,64323,1242,104364
77.486,8,24224,1247,10.1993,10.0769,19.3792,64894,1249,105286
78.220,4,10598,1259,16.3555,9.8554,8.4784,65491,1261,106202
78.920,4,12112,1268,12.8537,9.9292,9.6896,66065,1270,107143
79.641,4,10598,1278,13.8724,9.7453,8.4784,66645,1280,108099
80.351,5,13626,1288,14.0811,10.1989,10.9008,67243,1290,109087
81.029,4,10598,1298,14.7571,9.4915,8.4784,67775,1300,109994
81.751,5,12112,1308,13.8396,9.7390,9.6896,68356,1310,110943
82.489,5,15140,1320,16.2621,10.1602,12.1120,68975,1322,111978
83.315,4,12112,1332,14.5265,9.7503,9.6896,69640,1334,113090
84.020,0,0,1337,7.0991,10.2494,0.0000,70236,1339,114049
84.723,2,6056,1353,22.7558,9.8706,4.8448,70809,1355,114989
85.473,6,18168,1363,13.3265,9.8945,14.5344,71422,1365,115995
86.233,4,12112,1373,13.1639,9.6621,9.6896,72028,1375,116994
87.314,3,7570,1387,12.9461,7.0449,6.0560,72657,1389,118061
88.172,7,19682,1397,11.6547,10.9118,15.7456,73430,1399,119393
88.907,6,13626,1412,20.4189,9.9585,10.9008,74034,1414,120414
89.588,4,12112,1421,13.2159,10.1378,9.6896,74604,1423,121329
90.330,5,13626,1430,12.1223,9.9352,10.9008,75213,1432,122341
91.009,8,22710,1441,16.2003,10.0428,18.1680,75776,1443,123274
91.736,3,9084,1454,17.8974,9.9049,7.2672,76370,1456,124279
92.430,4,12112,1465,15.8473,9.9985,9.6896,76943,1467,125240
93.132,6,16654,1473,11.3965,9.9557,13.3232,77520,1475,126204
93.791,7,21196,1482,13.6576,9.9988,16.9568,78064,1484,127117
94.442,8,22710,1492,15.3554,10.0990,18.1680,78607,1494,128016
95.168,6,16654,1504,16.5266,9.8584,13.3232,79198,1506,128997
95.883,4,9084,1517,18.1828,10.0798,7.2672,79793,1519,129996
96.590,5,12112,1527,14.1513,9.9584,9.6896,80374,1529,130943
97.281,4,12112,1537,14.4726,10.0092,9.6896,80945,1539,131892
98.052,5,12112,1549,15.5541,9.7021,9.6896,81563,1551,132902
98.761,8,24224,1555,8.4654,10.2362,19.3792,82162,1557,133845
99.469,7,19682,1569,19.7644,9.9516,15.7456,82744,1571,134815
100.194,5,13626,1579,13.7944,9.8409,10.9008,83333,1581,135759
100.969,5,15140,1587,10.3218,10.0952,12.1120,83979,1589,136795
101.729,3,9084,1600,17.1137,9.9495,7.2672,84603,1602,137825
102.452,6,15140,1609,12.4372,10.1096,12.1120,85207,1611,138821
103.213,5,13626,1619,13.1551,9.8788,10.9008,85827,1621,139814
103.960,8,24224,1629,13.3715,9.8631,19.3792,86436,1631,140799
104.652,6,18168,1639,14.4620,10.0544,14.5344,87010,1641,141756
105.353,8,21196,1648,12.8338,10.0520,16.9568,87592,1650,142724
106.057,5,13626,1662,19.8828,9.9769,10.9008,88172,1664,143703
106.808,5,13626,1673,14.6547,10.0044,10.9008,88792,1675,144712
107.513,3,7570,1682,12.7668,9.5872,6.0560,89350,1684,145622
108.197,7,21196,1691,13.1512,9.9643,16.9568,89913,1693,146504
108.933,3,9084,1704,17.6689,9.7290,7.2672,90504,1706,147494
109.674,6,15140,1714,13.4945,10.1499,12.1120,91125,1716,148527
110.437,5,13626,1723,11.7998,9.8932,10.9008,91748,1725,149565
111.129,3,9084,1733,14.4487,10.2377,7.2672,92333,1735,150520
111.824,1,0,1741,11.5051,9.9461,0.0000,92904,1743,151402
112.539,6,16654,1749,11.1990,9.8002,13.3232,93482,1751,152354
113.265,1,3028,1761,16.5193,10.0541,2.4224,94085,1763,153366
113.981,5,15140,1769,11.1690,9.8923,12.1120,94670,1771,154309
114.735,2,6056,1783,18.5750,10.0599,4.8448,95296,1785,155366
115.485,4,12112,1794,14.6662,9.9315,9.6896,95911,1796,156376
116.211,6,15140,1808,19.2916,9.7636,12.1120,96496,1810,157345
116.881,8,22710,1818,14.9079,10.1297,18.1680,97057,1820,158299
117.601,4,12112,1832,19.4491,9.7592,9.6896,97637,1834,159260
118.303,2,3028,1842,14.2414,9.9010,2.4224,98211,1844,160157
119.024,5,13626,1855,18.0519,10.0408,10.9008,98808,1857,161150
119.737,3,9084,1866,15.4149,10.0651,7.2672,99401,1868,162142
120.445,9,25738,1873,9.8895,10.1301,20.5904,99993,1875,163113
121.158,6,18168,1884,15.4383,9.9622,14.5344,100580,1886,164085
121.915,2,6056,1897,17.1560,9.7348,4.8448,101190,1899,165094
122.611,5,15140,1908,15.8031,10.1620,12.1120,101774,1910,166052
123.284,2,6056,1920,17.8410,10.0482,4.8448,102332,1922,166978
123.961,5,15140,1926,8.8619,9.9643,12.1120,102889,1928,167885
124.692,5,15140,1940,19.1613,9.9464,12.1120,103489,1942,168891
125.438,6,18168,1951,14.7416,9.9339,14.5344,104101,1953,169876
126.204,3,7570,1964,16.9632,9.7671,6.0560,104719,1966,170861
126.907,3,9084,1975,15.6575,10.2063,7.2672,105311,1977,171836
127.565,7,19682,1983,12.1512,10.1183,15.7456,105861,1985,172733
128.260,6,18168,1992,12.9530,9.8664,14.5344,106427,1994,173682
128.936,2,4542,2005,19.2231,10.0475,3.6336,106988,2007,174617
129.625,3,6056,2013,11.6081,10.0352,4.8448,107559,2015,175549
130.338,4,10598,2023,14.0375,9.8613,8.4784,108139,2025,176495
131.088,4,12112,2032,11.9913,9.5857,9.6896,108733,2034,177373
131.773,7,18168,2042,14.6114,10.0698,14.5344,109302,2044,178310
132.447,8,24224,2049,10.3765,10.0365,19.3792,109861,2051,179110
133.144,4,12112,2063,20.1075,9.9504,9.6896,110433,2065,180056
133.873,6,18168,2071,10.9656,9.7951,14.5344,111023,2073,180971
134.572,1,3028,2083,17.1808,10.0232,2.4224,111601,2085,181901
135.317,1,3028,2095,16.0991,10.0258,2.4224,112218,2097,182889
136.073,5,10598,2105,13.2279,9.7251,8.4784,112825,2107,183913
136.784,7,19682,2113,11.2445,10.2145,15.7456,113425,2115,184889
137.462,3,9084,2126,19.1888,10.0117,7.2672,113985,2128,185838
138.160,4,10598,2137,15.7573,9.9590,8.4784,114559,2139,186716
138.851,5,13626,2146,13.0314,9.9963,10.9008,115129,2148,187649
139.552,2,6056,2157,15.6858,10.0175,4.8448,115709,2159,188618
140.245,2,6056,2166,12.9839,9.8725,4.8448,116274,2168,189566
140.909,5,15140,2173,10.5456,10.2001,12.1120,116833,2175,190491
141.574,5,13626,2184,16.5296,9.9375,10.9008,117379,2186,191416
142.367,3,7570,2196,15.1443,9.9204,6.0560,118028,2198,192497
143.176,5,13626,2209,16.0608,9.6067,10.9008,118670,2211,193557
143.877,4,10598,2219,14.2615,10.2605,8.4784,119264,2221,194494
144.662,4,12112,2229,12.7485,9.9131,9.6896,119906,2231,195524
145.447,3,6056,2242,16.5533,9.7933,4.8448,120541,2244,196590
146.235,3,7570,2252,12.6927,9.7929,6.0560,121178,2254,197617
146.885,5,13626,2263,16.9159,10.1697,10.9008,121724,2265,198516
147.603,6,18168,2272,12.5372,9.9884,14.5344,122316,2274,199466
148.307,2,6056,2284,17.0400,9.9239,4.8448,122893,2286,200388
149.121,4,10598,2300,19.6667,9.7366,8.4784,123547,2302,201470
149.845,4,10598,2312,16.5753,10.1886,8.4784,124156,2314,202464
150.600,2,4542,2323,14.5588,9.9871,3.6336,124779,2325,203437
151.327,6,18168,2334,15.1358,9.8829,14.5344,125372,2336,204429
152.100,3,9084,2347,16.8239,9.8750,7.2672,126002,2349,205420
152.798,6,18168,2355,11.4568,10.3207,14.5344,126597,2357,206390
153.510,2,6056,2372,23.8752,9.6449,4.8448,127164,2374,207328
154.216,2,6056,2384,16.9908,10.2210,4.8448,127760,2386,208322
154.988,10,28766,2395,14.2498,9.8535,23.0128,128388,2397,209334
155.693,7,15140,2408,18.4442,10.1560,12.1120,128979,2410,210308
156.389,2,6056,2417,12.9306,9.8668,4.8448,129546,2419,211203
157.054,2,6056,2428,16.5510,10.0962,4.8448,130100,2430,212102
157.761,3,9084,2438,14.1358,9.9475,7.2672,130681,2440,213052
158.436,4,12112,2447,13.3296,10.0278,9.6896,131240,2449,213905
159.085,6,15140,2456,13.8780,10.0107,12.1120,131776,2458,214790
159.805,6,15140,2470,19.4334,9.8858,12.1120,132364,2472,215760
160.527,5,12112,2479,12.4656,9.9313,9.6896,132956,2481,216678
161.287,4,9084,2491,15.7942,9.7882,7.2672,133570,2493,217643
161.999,3,9084,2500,12.6463,10.1094,7.2672,134164,2502,218572
162.700,2,6056,2512,17.1063,10.0833,4.8448,134748,2514,219517
163.408,4,12112,2523,15.5376,9.9575,9.6896,135331,2525,220490
164.202,2,6056,2537,17.6457,9.9535,4.8448,135983,2539,221567
164.911,4,12112,2550,18.3326,9.9407,9.6896,136565,2552,222516
165.608,3,9084,2561,15.7784,10.0418,7.2672,137143,2563,223480
166.335,4,12112,2572,15.1311,9.9132,9.6896,137738,2574,224404
167.070,5,15140,2582,13.5955,9.8307,12.1120,138335,2584,225400
167.806,2,6056,2592,13.5923,10.0918,4.8448,138948,2594,226375
168.489,7,19682,2602,14.6371,10.1052,15.7456,139518,2604,227317
169.149,4,10598,2613,16.6847,10.1043,8.4784,140068,2615,228249
169.829,4,10598,2626,19.1080,9.8805,8.4784,140623,2628,229178
170.539,4,12112,2637,15.4909,10.0295,9.6896,141211,2639,230147
171.289,3,9084,2648,14.6643,9.7849,7.2672,141817,2650,231177
172.046,6,15140,2657,11.8867,9.9181,12.1120,142437,2659,232136
172.776,4,12112,2669,16.4367,10.2858,9.6896,143057,2671,233181
173.468,5,13626,2679,14.4557,9.8574,10.9008,143620,2681,234028
174.335,6,15140,2691,13.8410,9.5975,12.1120,144307,2693,235115
175.101,3,9084,2702,14.3578,10.0863,7.2672,144945,2704,236174
175.937,5,15140,2712,11.9647,9.3906,12.1120,145593,2714,237221
176.638,4,10598,2722,14.2549,10.8083,8.4784,146219,2724,238210
177.352,4,12112,2735,18.2135,9.8762,9.6896,146801,2737,239159
178.300,0,0,2746,11.6100,8.4756,0.0000,147464,2748,240269
179.046,5,15140,2756,13.3950,9.6208,12.1120,148057,2758,241224
179.750,6,13693,2764,11.3623,10.2355,10.9544,148652,2766,242168
180.454,0,0,2765,1.4207,1.3470,0.0000,148737,2767,242277
181.132,0,0,2765,0.0000,0.0000,0.0000,148737,2767,242277
181.800,0,0,2765,0.0000,0.0000,0.0000,148737,2767,242277
182.469,0,0,2765,0.0000,0.0000,0.0000,148737,2767,242277
