system,n,throughput_mbps,jain,backlog_mean_pkts,backlog_p95_pkts,rtt_mean_ms,rtt_p95_ms,rtt_p99_ms,sojourn_p95_ms,drop_rate_mean_per_s,retransmits,throughput_mbps_ci95,jain_ci95,backlog_mean_pkts_ci95,backlog_p95_pkts_ci95,rtt_mean_ms_ci95,rtt_p95_ms_ci95,rtt_p99_ms_ci95,sojourn_p95_ms_ci95,drop_rate_mean_per_s_ci95,retransmits_ci95
pfifo (no AQM),2,9.4498,0.9966545,818.0350000000001,1000.0,1689.27,2362.0,2432.5,2390.6432,29.405,3238.0,0.5908289999999997,0.00831607700000003,110.09749000000026,0.0,133.6035899999998,241.41399999999996,120.70699999999998,24.415849600001597,20.393130000000003,1740.7219999999998
SFQ,1,9.4883,1.0,115.51,127.0,31.617,36.8,39.0,304.0112,6.43,656,0.0,0.0,0.0,0.0,0.0,0.0,0.0,0.0,0.0,0.0
RED (adaptive),1,9.4722,0.995063,24.6,30.0,77.966,86.1,89.7,64.272,12.45,1538,0.0,0.0,0.0,0.0,0.0,0.0,0.0,0.0,0.0,0.0
CoDel,2,9.46875,0.9984470000000001,8.190000000000001,12.0,38.53,44.650000000000006,203.0,24.223999999999997,38.065,3725.5,0.106095100000001,0.011854698000000215,4.701220000000001,12.706,2.820732000000016,24.776699999999988,50.824,15.389507199999997,5.2729899999999885,514.593
PIE,2,9.42455,0.996773,8.504999999999999,14.0,39.695,48.650000000000006,248.0,25.4744,36.66,3757.0,0.0069883000000062825,0.0,0.44470999999999045,0.0,3.633916000000017,0.635300000000009,88.942,0.4980752000000128,0.2541199999999946,216.00199999999998
FQ-PIE,2,9.4909,0.999988,12.18,16.5,22.0715,23.35,24.200000000000003,36.336,22.35,2851.5,0.11435400000000431,0.00015247200000015248,13.722480000000001,6.353,0.9084790000000043,0.6352999999999863,1.2705999999999955,15.389507199999972,4.447099999999995,705.1829999999999
CAKE,1,9.4248,0.999945,6.75,11.0,21.812,23.2,23.7,13.3232,52.29,3168,0.0,0.0,0.0,0.0,0.0,0.0,0.0,0.0,0.0,0.0
fq_codel (static),2,9.39235,0.999962,6.8100000000000005,10.0,22.451500000000003,24.85,27.9,21.195999999999998,33.875,3812.0,0.22171970000000232,0.00017788400000017787,1.3976599999999983,0.0,0.705183000000004,0.6352999999999863,8.894200000000012,7.69475360000001,1.58825,38.117999999999995
fq_codel + ACAPE,1,9.4085,0.999783,5.56,8.0,23.106,24.8,26.0,16.9568,37.11,4322,0.0,0.0,0.0,0.0,0.0,0.0,0.0,0.0,0.0,0.0
