system,n,throughput_mbps,jain,sparse_rtt_mean_ms,sparse_rtt_p95_ms,sparse_rtt_p99_ms,sparse_rtt_jitter_ms,bulk_rtt_mean_ms,bulk_rtt_p95_ms,queue_delay_mean_ms,backlog_mean_pkts,backlog_p95_pkts,drop_rate_mean_per_s,retransmits,throughput_mbps_ci95,jain_ci95,sparse_rtt_mean_ms_ci95,sparse_rtt_p95_ms_ci95,sparse_rtt_p99_ms_ci95,sparse_rtt_jitter_ms_ci95,bulk_rtt_mean_ms_ci95,bulk_rtt_p95_ms_ci95,queue_delay_mean_ms_ci95,backlog_mean_pkts_ci95,backlog_p95_pkts_ci95,drop_rate_mean_per_s_ci95,retransmits_ci95
pfifo (no AQM),3,8.3802,0.9861696666666667,1152.888,2318.0,2382.6666666666665,12.254666666666665,1585.6216666666667,2366.2909999999997,1132.8881666666666,570.21,1000.0,29.756666666666664,3266.6666666666665,0.46076859408815257,0.007134203285184519,28.977712231960464,48.872685223957156,41.14812106821458,0.3217609630881958,31.716342566984892,29.830738700727817,28.97808227292435,39.46267044224245,0.0,1.3314600430146,96.22869536739607
SFQ,3,9.2622,0.9969446666666667,32.76766666666666,56.6,61.9,3.216666666666667,285.622,369.43266666666665,12.767833333333334,96.52666666666669,126.33333333333333,10.383333333333333,984.6666666666666,0.3112959047821257,0.009366562052112394,0.511341342096892,3.442399999999998,1.5111639366175127,0.634520275597592,6.056309065320071,5.151166293210239,0.5107234025306224,8.651860145029197,1.4343333333333332,0.7371133756379991,54.73067178262823
RED (adaptive),3,9.245366666666667,0.9818313333333334,62.459,94.16666666666667,97.23333333333333,3.5943333333333336,88.90633333333334,104.66166666666668,42.4591,21.810000000000002,44.0,26.86,2403.3333333333335,0.10972153128183838,0.009709132649344504,0.7774390993428395,0.37948892971702886,1.5777666666666585,0.5442591016180724,0.690727934682998,3.263942346751161,0.7776856791734041,1.1556846553162015,2.48433820832296,2.8422609779364025,120.08205772211676
CoDel,3,9.277233333333333,0.9911183333333332,55.047,172.0,627.3333333333334,4.1193333333333335,105.47466666666666,469.507,35.04696666666667,24.126666666666665,178.33333333333334,50.52,3777.0,0.058008809515605414,0.008067117206332122,4.030375343269704,99.09364614511536,27.923489934302825,0.4212864328618302,4.028389707319304,18.327278680164508,4.030839664263361,2.078892866843098,44.53368247867126,2.2599286085700476,282.96383170351174
PIE,3,9.2233,0.9614443333333332,40.40033333333333,48.56666666666666,118.33333333333333,4.255,119.24266666666666,580.8716666666667,20.400366666666667,10.33,16.0,56.346666666666664,4374.333333333333,0.06014510457493605,0.029083969714092172,2.8364053185410727,5.353350138724144,2.8686666666666665,0.6516168598095051,53.53207758085129,404.89512925852347,2.835536243932841,0.951537208993952,4.303,7.664669890243883,345.397473498448
FQ-PIE,3,9.222566666666667,0.9999016666666667,21.895666666666667,23.233333333333334,24.03333333333333,0.81,101.77833333333335,213.99099999999999,1.896,18.606666666666666,38.333333333333336,37.02333333333333,3763.6666666666665,0.06063736409460045,0.0004018053856277264,0.11821726257521689,0.14343333333333538,0.3794889297170317,0.17892410055942717,3.0261486348620372,104.75194797875423,0.11794407091063681,0.8135338383524375,2.8686666666666665,3.6627211940501923,211.74277517177404
CAKE,3,9.240433333333334,0.9999966666666666,21.478333333333335,22.266666666666666,23.166666666666668,0.7116666666666666,30.132,37.055,1.4783,10.466666666666667,18.666666666666668,139.41,8505.666666666666,0.0945604307065135,1.4343333333268056e-05,0.28588605813874723,0.14343333333333538,0.3794889297170317,0.604497907244884,0.549190481287991,7.5618076458962085,0.28571055930709566,3.3291367957742093,5.171562379440515,4.016568732351029,18.97444648585156
fq_codel (static),3,9.235466666666667,0.99998,21.895333333333337,23.400000000000002,24.666666666666668,0.9620000000000001,51.992999999999995,72.714,1.8954666666666666,11.276666666666666,30.0,58.28333333333333,4687.0,0.007861402916643292,0.0,0.07379502122847852,0.2484338208322951,0.625211405135184,0.12279267267363032,1.4297382577018583,26.53229986095788,0.07389406368052237,1.1748407106261023,0.0,2.2066368764655797,98.7192355639636
fq_codel + sham ctl,3,9.1946,1.0,22.127333333333336,23.5,25.0,1.2926666666666666,51.68233333333333,67.573,2.127333333333333,11.496666666666668,30.666666666666668,57.54666666666666,4723.666666666667,0.08486733495821697,0.0,0.5968222909555646,0.2484338208322995,1.721199999999999,0.7662173224428203,0.6909066197430559,6.8885210894147715,0.5971437680341432,2.607056198373516,2.8686666666666665,5.606262062647249,155.86788867534938
fq_codel + ACAPE,3,9.1792,0.999874,22.121,23.46666666666667,37.06666666666666,1.1656666666666666,51.736333333333334,72.242,2.1209000000000002,11.020000000000001,32.333333333333336,58.666666666666664,4651.333333333333,0.09779681845654918,0.0005208111538527359,1.084913652903923,0.3794889297170317,47.935711844314056,0.8454941816382366,0.3487141335699555,11.795979221546656,1.0844599272683582,3.198145226783799,2.8686666666666665,2.2282080957003205,119.72173352449884
fq_codel + ACAPE + eBPF,3,9.3493,0.999139,22.855,27.566666666666666,33.233333333333334,2.2753333333333337,58.75466666666667,78.306,2.8550333333333335,13.14,37.0,44.97,6741.666666666667,0.07618295117946837,0.00041975759486153106,0.14682838149463087,2.3872064317477433,2.7252333333333354,0.24120267243567425,1.9367552895605553,1.5398869332942313,0.1477177415324277,0.9440485191627249,6.5729410717983265,3.4421310519938113,413.3294751391168
